year,bloodhounds,retrievers,result,cup_holders,note,venue,courses,bloodhounds_players,retrievers_players
2004,6,3,Bloodhounds,Bloodhounds,Bloodhounds win,Lagos,"Penina, Palmares, Boavista","Charlie Parish, David Langrish, David Raven, Neil Thornton (c), Mark Clarkson, Ashley Hurst","Paul Dineen, Daniel Marsh, Anthony Knox, James Hurst (c), Nick Roberts, David Pickering"
2005,5,11,Retrievers,Retrievers,Retrievers win,Vilamoura,"Vilamoura Old Course, Millennium, Vila Sol","Charlie Parish, David Langrish, David Raven, Greg Boyes, Mark Clarkson, Stuart Purling, Ashley Hurst (c), Ciaran Little","Paul Dineen, Daniel Marsh, Anthony Knox, Oli Gregory, James Hurst, Nick Roberts (c), Brendan Taylor, David Pickering "
2006,7½,8½,Retrievers,Retrievers,Retrievers win,Mallorca,"Santa Ponsa II, Son Termens, Royal Bendinat","Ashley Hurst, David Langrish, Neil Thornton, Mark Clarkson, Greg Boyes (c), Charlie Parish, Stuart Purling, Ciaran Little","David Pickering, Daniel Marsh, James Hurst, Oli Gregory, Brendan Taylor, Nick Roberts, Anthony Knox, Paul Dineen (c) "
2007,9½,6½,Bloodhounds,Bloodhounds,Bloodhounds win,Dubai,"The Montgomerie, The Emirates, Al Badia","David Raven, Damian Taylor, Charlie Parish (c), Mark Clarkson, Neil Thornton, Greg Boyes, Ciaran Little, Ashley Hurst","Daniel Marsh, David Pickering, Nick Roberts, Brendan Taylor (c), James Hurst, Oli Gregory, Paul Dineen, Anthony Knox"
2008,10,6,Bloodhounds,Bloodhounds,Bloodhounds win,Lisbon,"Praia D'el Rey, Penha Longa Atlantic, Quinta do Peru","Ashley Hurst, David Raven, Mark Clarkson (c), Neil Thornton, Greg Boyes, Damian Taylor, Ciaran Little, David Langrish","Anthony Knox, Daniel Marsh (c), James Hurst, Oli Gregory, Brendan Taylor, David Pickering, Paul Dineen, Nick Roberts"
2009,7,9,Retrievers,Retrievers,Retrievers win,Vale do Lobes,"San Lorenzo, Quinta do Lago North, San Lorenzo","Ciaran Little, Damian Taylor, David Raven (c), Ashley Hurst, Mark Clarkson, Charlie Parish, Neil Thornton, Greg Boyes ","David Cox, James Hurst, Daniel Marsh, Oli Gregory, Paul Dineen, Brendan Taylor, Anthony Knox (c), Nick Roberts"
2010,8½,7½,Bloodhounds,Bloodhounds,Bloodhounds win,Girona,"PGA Catalunya Tour Course, PGA Catalunya Stadium Course, PGA Catalunya Stadium Course","Damian Taylor, Charlie Parish, Mark Clarkson, David Langrish, Ciaran Little (c), Ashley Hurst, Greg Boyes, Neil Thornton","Gavin Neilan, James Hurst, Paul Dineen, Brendan Taylor, Anthony Knox, David Raven, Frederic Doyhamboure, Oli Gregory (c) "
2011,9,7,Bloodhounds,Bloodhounds,Bloodhounds win,Florida,"Jim McClean Signature Course, Great White, Blue Monster","Damian Taylor, Greg Boyes, Neil Thornton (c), Ashley Hurst, David Raven, Damian Tyzzer-Smith, Nick Langdon, Mark Clarkson","Gavin Neilan, Anthony Knox, Brendan Taylor, Nick Roberts, David Cox, James Hurst (c), Ollie Gobat, Oli Gregory"
2012,3,5,Halved,Bloodhounds,Round III rained off – Bloodhounds retained after 6–6 play-off singles,Marbella,"Aloha, Finca Cortesin, Alferini","Mark Clarkson, Gavin Neilan, Ashley Hurst, Nick Langdon, Damian Taylor (c), Ciaran Little, Greg Boyes, David Raven","Paul Dineen, Nick Roberts, Frederic Doyhamboure, David Cox, Brendan Taylor (c), James Hurst, Anthony Knox, Ollie Gobat"
2013,4½,15½,Retrievers,Retrievers,Retrievers win,Marbella,"Alferini, Los Flamingos, San Roque New","Mark Clarkson, David Langrish, David Raven, Neil Thornton, Nick Langdon (c), Ashley Hurst, Charlie Parish, Ciaran Little, Damian Taylor, Greg Boyes","Nick Roberts, Brendan Taylor, Oli Gregory, Paul Dineen (c), David Cox, James Hurst, Rob Parish, Adam Thornton, Gavin Neilan, Paul Harben"
2014,10,10,Halved,Retrievers,Halved – Retrievers retain,Marbella,"Finca Cortesin, Alferini, Los Flamingos","Ciaran Little, Ashley Hurst, Mark Clarkson, Nick Langdon, Greg Boyes, Neil Thornton, Damian Taylor, David Langrish (c), David Raven, Charlie Parish","Brendan Taylor, Gavin Neilan (c), Paul Harben, Paul Dineen, Anthony Knox, Oli Gregory, Rob Parish, Adam Thornton, James Hurst"
2015,4½,11½,Retrievers,Retrievers,Retrievers win,Malmo,"PGA National Lakes Course, Barseback Masters, Barseback Donald Steel","Jules Panter, Charlie Parish, Greg Boyes (c), Ashley Hurst, Nick Langdon, David Langrish, Ciaran Little, Mark Clarkson","Paul Dineen, Anthony Knox, Gavin Neilan, Oli Drinkwater, Paul Harben (c), Rufus Gobat, Nick Roberts"
2016,14½,9½,Bloodhounds,Bloodhounds,Bloodhounds win,Mallorca,"Alcanada, Son Vida, Son Quint","Jules Panter, Glenn Rhea, Charlie Parish, Greg Boyes, David Raven, Marcus Haigh, Ashley Hurst (c), Nick Langdon, David Langrish, Stuart Purling, Ciaran Little, Mark Clarkson","Adam Thornton, Daniel Marsh, Gavin Neilan, Rob Parish, Paul Harben, James Hurst, Anthony Knox (c), Rick Sell, Oli Drinkwater, Rufus Gobat, Richard Lord, Paul Dineen"
2017,7½,8½,Retrievers,Retrievers,Retrievers win,Mallorca,"Alcanada, Son Muntaner, Son Gual","Greg Boyes, David Raven, Ciaran Little, Andrew Hulme, Ashley Hurst, Nick Langdon, Adam Gobat, Mark Clarkson (c) ","Paul Dineen, Gavin Neilan, James Hurst, Brendan Taylor, Anthony Knox, Daniel Marsh (c), Dan Tully, Adam Thornton"
2018,5,11,Retrievers,Retrievers,Retrievers win,Valencia,"El Saler, El Bosque, La Galiana","Greg Boyes, David Langrish, Andrew Hulme, Mark Clarkson, David Raven (c), Ashley Hurst, Nick Langdon, Ciaran Little","James Hurst, Rufus Gobat, Paul Dineen, Anthony Knox, Dan Tully, Brendan Taylor, Daniel Marsh, Frederic Doyhamboure (c) "
2019,11,5,Bloodhounds,Bloodhounds,Bloodhounds win,Cyprus,"Minthis Hills, Secret Valley, Aphrodite Hills","Ashley Hurst, Nick Langdon, David Langrish, Charlie Parish (c), Greg Boyes, Dan Tully, David Raven, Mark Clarkson","Brendan Taylor, Nick Roberts, Rob Parish (c), Paul Dineen, Paul Harben, James Hurst, Daniel Marsh, Anthony Knox"
2020,6,10,Retrievers,Retrievers,Retrievers win,The Belfry,"PGA National, Brabazon, Brabazon","Greg Boyes, Adam Thornton, Ciaran Little (c), David Raven, Nick Langdon, Neil Thornton, Ashley Hurst, Mark Clarkson","James Hurst, Dan Tully, Anthony Knox, Brendan Taylor (c), Nick Roberts, Paul Dineen, Oli Gregory, Paul Harben"
2021,4½,7½,Retrievers,Retrievers,Retrievers win,Celtic Manor,"Twenty Ten, Roman Road, Twenty Ten","Nick Langdon (c), Mark Clarkson, Greg Boyes, Ashley Hurst, David Raven","Paul Harben, Brendan Taylor, Rufus Gobat (c), Paul Dineen, Anthony Knox, Gavin Neilan"
2022,11,9,Bloodhounds,Bloodhounds,Bloodhounds win,Lagos,"Monte Rei, Morgado, Penina","Ciaran Little, Dan Tully, Greg Boyes, Ashley Hurst (c), Nick Langdon, Ian Kerrigan, Charlie Parish, David Langrish, David Raven, Mark Clarkson","Frederic Doyhamboure, Daniel Marsh, Gavin Neilan, Brendan Taylor, James Hurst (c), Paul Harben, Paul Dineen, Anthony Knox, Rob Parish, Rufus Gobat"
2023,12,12,Halved,Bloodhounds,Halved – Bloodhounds retain,Turkey,"Gloria Old, Gloria New, Gloria Old","Andrew Hulme, Damian Taylor, Nick Langdon, David Langrish (c), Greg Boyes, Ciaran Little, Ashley Hurst, Charlie Parish,  Neil Thornton, David Raven, Adam Gobat, Mark Clarkson","Dan Tully (c), Daniel Marsh, James Hurst, Ian Kerrigan, Brendan Taylor, Nick Roberts, Paul Dineen, Damian McNeela, Gavin Neilan, Rob Parish, Rufus Gobat, Anthony Knox"
2024,11½,11½,Halved,Bloodhounds,Halved – Bloodhounds retain,Turkey,"Carya, Gloria Old, Gloria New","Andrew Hulme, David Langrish, David Raven, Glenn Rhea, Neil Thornton, Ciaran Little, Damian Taylor (c), Mark Clarkson, Nick Langdon, Charlie Parish, Greg Boyes, Ashley Hurst","Anthony Knox, Adam Thornton, Damian McNeela, Paul Dineen (c), Ian Kerrigan, James Hurst, Brendan Taylor, Gavin Neilan, Paul Harben, Rufus Gobat, Rob Parish"
2025,10¾,13¼,Retrievers,Retrievers,Retrievers win,Marrakech,"Assoufid, Ourika, Fairmont Royal Palm","David Raven, Charlie Parish, Damian Taylor, Ian Kerrigan, Andrew Hulme (c), Nick Langdon, Greg Boyes, Tom Lawrance, David Bryson, Mark Clarkson, Ashley Hurst","Nick Roberts, Rufus Gobat, James Hurst, Dan Tully, Rob Parish, Gavin Neilan (c), Paul Dineen, Anthony Knox, Damian McNeela, Brendan Taylor, Adam Thornton, Daniel Marsh"
2026,11½,12½,Retrievers,Retrievers,Retrievers win,Scottsdale,"Troon North, Grayhawk, We Ko Pa","Nick Kenyon, Mark Clarkson, Nick Langdon, Ian Kerrigan, Damian Taylor, Charlie Parish, Ciaran Little, Steve Darley, David Bryson, Ashley Hurst (c) ","Paul Dineen, Oli Gregory, Paul Harben, Anthony Knox, Rob Parish, Gavin Neilan, Nick Roberts (c), Brendan Taylor, Daniel Marsh, Rufus Gobat, Damian McNeela, James Hurst"
